Index,X(m),Y(m),Z(m)
1,-3022139.07324098,4931682.74540613,2679074.46295779
2,-3085940.29029342,4892013.06254287,2679074.46295779
3,-3149220.86761557,4851518.03112397,2679074.46295779
4,-3034570.77643527,4880535.83477704,2757019.00749825
5,-3097706.6128372,4840708.99481909,2757019.00749825
6,-3160319.8243716,4800065.46199337,2757019.00749825
7,-2982927.40260654,4867695.11452618,2834461.79832804
8,-3045900.81119335,4828540.13813438,2834461.79832804
